name,official_name,capital,region,subregion,tld,maps_googleMaps,flag,timezones,capital_info,coatOfArms
South Georgia,South Georgia and the South Sandwich Islands,['King Edward Point'],Antarctic,,['.gs'],https://goo.gl/maps/mJzdaBwKBbm2B81q9,https://flagcdn.com/w320/gs.png,['UTC-02:00'],"[-54.28, -36.5]",
Grenada,Grenada,"[""St. George's""]",Americas,Caribbean,['.gd'],https://goo.gl/maps/rqWyfUAt4xhvk1Zy9,https://flagcdn.com/w320/gd.png,['UTC-04:00'],"[32.38, -64.68]",https://mainfacts.com/media/images/coats_of_arms/gd.png
Switzerland,Swiss Confederation,['Bern'],Europe,Western Europe,['.ch'],https://goo.gl/maps/uVuZcXaxSx5jLyEC9,https://flagcdn.com/w320/ch.png,['UTC+01:00'],"[46.92, 7.47]",https://mainfacts.com/media/images/coats_of_arms/ch.png
Sierra Leone,Republic of Sierra Leone,['Freetown'],Africa,Western Africa,['.sl'],https://goo.gl/maps/jhacar85oq9QaeKB7,https://flagcdn.com/w320/sl.png,['UTC'],"[8.48, -13.23]",https://mainfacts.com/media/images/coats_of_arms/sl.png
Hungary,Hungary,['Budapest'],Europe,Central Europe,['.hu'],https://goo.gl/maps/9gfPupm5bffixiFJ6,https://flagcdn.com/w320/hu.png,['UTC+01:00'],"[47.5, 19.08]",https://mainfacts.com/media/images/coats_of_arms/hu.png
Taiwan,Republic of China (Taiwan),['Taipei'],Asia,Eastern Asia,"['.tw', '.台灣', '.台湾']",https://goo.gl/maps/HgMKFQjNadF3Wa6B6,https://flagcdn.com/w320/tw.png,['UTC+08:00'],"[25.03, 121.52]",https://mainfacts.com/media/images/coats_of_arms/tw.png
Wallis and Futuna,Territory of the Wallis and Futuna Islands,['Mata-Utu'],Oceania,Polynesia,['.wf'],https://goo.gl/maps/CzVqK74QYtbHv65r5,https://flagcdn.com/w320/wf.png,['UTC+12:00'],"[-13.95, -171.93]",
Barbados,Barbados,['Bridgetown'],Americas,Caribbean,['.bb'],https://goo.gl/maps/2m36v8STvbGAWd9c7,https://flagcdn.com/w320/bb.png,['UTC-04:00'],"[13.1, -59.62]",https://mainfacts.com/media/images/coats_of_arms/bb.png
Pitcairn Islands,Pitcairn Group of Islands,['Adamstown'],Oceania,Polynesia,['.pn'],https://goo.gl/maps/XGJMnMAigXjXcxSa7,https://flagcdn.com/w320/pn.png,['UTC-08:00'],"[-25.07, -130.08]",
Ivory Coast,Republic of Côte d'Ivoire,['Yamoussoukro'],Africa,Western Africa,['.ci'],https://goo.gl/maps/wKsmN7f5qAeNtGjP6,https://flagcdn.com/w320/ci.png,['UTC'],"[6.82, -5.27]",https://mainfacts.com/media/images/coats_of_arms/ci.png
Tunisia,Tunisian Republic,['Tunis'],Africa,Northern Africa,['.tn'],https://goo.gl/maps/KgUmpZdUuNRaougs8,https://flagcdn.com/w320/tn.png,['UTC+01:00'],"[36.8, 10.18]",https://mainfacts.com/media/images/coats_of_arms/tn.png
Italy,Italian Republic,['Rome'],Europe,Southern Europe,['.it'],https://goo.gl/maps/8M1K27TDj7StTRTq8,https://flagcdn.com/w320/it.png,['UTC+01:00'],"[41.9, 12.48]",https://mainfacts.com/media/images/coats_of_arms/it.png
Benin,Republic of Benin,['Porto-Novo'],Africa,Western Africa,['.bj'],https://goo.gl/maps/uMw1BsHEXQYgVFFu6,https://flagcdn.com/w320/bj.png,['UTC+01:00'],"[6.48, 2.62]",https://mainfacts.com/media/images/coats_of_arms/bj.png
Indonesia,Republic of Indonesia,['Jakarta'],Asia,South-Eastern Asia,['.id'],https://goo.gl/maps/9gfPupm5bffixiFJ6,https://flagcdn.com/w320/id.png,"['UTC+07:00', 'UTC+08:00', 'UTC+09:00']","[-6.17, 106.82]",https://mainfacts.com/media/images/coats_of_arms/id.png
Cape Verde,Republic of Cabo Verde,['Praia'],Africa,Western Africa,['.cv'],https://goo.gl/maps/Kc9vy5ChjuiAgMfXA,https://flagcdn.com/w320/cv.png,['UTC-01:00'],"[14.92, -23.52]",https://mainfacts.com/media/images/coats_of_arms/cv.png
Saint Kitts and Nevis,Federation of Saint Christopher and Nevis,['Basseterre'],Americas,Caribbean,['.kn'],https://goo.gl/maps/qiaVwcLVTXX3eoTNA,https://flagcdn.com/w320/kn.png,['UTC-04:00'],"[17.3, -62.72]",https://mainfacts.com/media/images/coats_of_arms/kn.png
Laos,Lao People's Democratic Republic,['Vientiane'],Asia,South-Eastern Asia,['.la'],https://goo.gl/maps/F3asVB7sRKgSnwbE7,https://flagcdn.com/w320/la.png,['UTC+07:00'],"[17.97, 102.6]",https://mainfacts.com/media/images/coats_of_arms/la.png
Caribbean Netherlands,"Bonaire, Sint Eustatius and Saba",['Kralendijk'],Americas,Caribbean,"['.bq', '.nl']",https://goo.gl/maps/4XVes1P6uEDTz77WA,https://flagcdn.com/w320/bq.png,['UTC-04:00'],"[12.14, -68.27]",https://mainfacts.com/media/images/coats_of_arms/bq.png
Uganda,Republic of Uganda,['Kampala'],Africa,Eastern Africa,['.ug'],https://goo.gl/maps/Y7812hFiGa8LD9N68,https://flagcdn.com/w320/ug.png,['UTC+03:00'],"[0.32, 32.55]",https://mainfacts.com/media/images/coats_of_arms/ug.png
Andorra,Principality of Andorra,['Andorra la Vella'],Europe,Southern Europe,['.ad'],https://goo.gl/maps/JqAnacWE2qEznKgw7,https://flagcdn.com/w320/ad.png,['UTC+01:00'],"[42.5, 1.52]",https://mainfacts.com/media/images/coats_of_arms/ad.png
Burundi,Republic of Burundi,['Gitega'],Africa,Eastern Africa,['.bi'],https://goo.gl/maps/RXPWoRrB9tfrJpUG7,https://flagcdn.com/w320/bi.png,['UTC+02:00'],"[-3.43, 29.93]",https://mainfacts.com/media/images/coats_of_arms/bi.png
South Africa,Republic of South Africa,"['Pretoria', 'Bloemfontein', 'Cape Town']",Africa,Southern Africa,['.za'],https://goo.gl/maps/CLCZ1R8Uz1KpYhRv6,https://flagcdn.com/w320/za.png,['UTC+02:00'],"[-25.7, 28.22]",https://mainfacts.com/media/images/coats_of_arms/za.png
France,French Republic,['Paris'],Europe,Western Europe,['.fr'],https://goo.gl/maps/g7QxxSFsWyTPKuzd7,https://flagcdn.com/w320/fr.png,"['UTC-10:00', 'UTC-09:30', 'UTC-09:00', 'UTC-08:00', 'UTC-04:00', 'UTC-03:00', 'UTC+01:00', 'UTC+02:00', 'UTC+03:00', 'UTC+04:00', 'UTC+05:00', 'UTC+10:00', 'UTC+11:00', 'UTC+12:00']","[48.87, 2.33]",https://mainfacts.com/media/images/coats_of_arms/fr.png
Libya,State of Libya,['Tripoli'],Africa,Northern Africa,['.ly'],https://goo.gl/maps/eLgGnaQWcJEdYRMy5,https://flagcdn.com/w320/ly.png,['UTC+01:00'],"[32.88, 13.17]",https://mainfacts.com/media/images/coats_of_arms/ly.png
Mexico,United Mexican States,['Mexico City'],Americas,North America,['.mx'],https://goo.gl/maps/s5g7imNPMDEePxzbA,https://flagcdn.com/w320/mx.png,"['UTC-08:00', 'UTC-07:00', 'UTC-06:00']","[19.43, -99.13]",https://mainfacts.com/media/images/coats_of_arms/mx.png
Gabon,Gabonese Republic,['Libreville'],Africa,Middle Africa,['.ga'],https://goo.gl/maps/vyRSkqw1H1fnq4ry6,https://flagcdn.com/w320/ga.png,['UTC+01:00'],"[0.38, 9.45]",https://mainfacts.com/media/images/coats_of_arms/ga.png
Northern Mariana Islands,Commonwealth of the Northern Mariana Islands,['Saipan'],Oceania,Micronesia,['.mp'],https://goo.gl/maps/cpZ67knoRAcfu1417,https://flagcdn.com/w320/mp.png,['UTC+10:00'],"[15.2, 145.75]",
North Macedonia,Republic of North Macedonia,['Skopje'],Europe,Southeast Europe,['.mk'],https://goo.gl/maps/55Q8MEnF6ACdu3q79,https://flagcdn.com/w320/mk.png,['UTC+01:00'],"[42.0, 21.43]",https://mainfacts.com/media/images/coats_of_arms/mk.png
China,People's Republic of China,['Beijing'],Asia,Eastern Asia,"['.cn', '.中国', '.中國', '.公司', '.网络']",https://goo.gl/maps/p9qC6vgiFRRXzvGi7,https://flagcdn.com/w320/cn.png,['UTC+08:00'],"[39.92, 116.38]",https://mainfacts.com/media/images/coats_of_arms/cn.png
Yemen,Republic of Yemen,"[""Sana'a""]",Asia,Western Asia,['.ye'],https://goo.gl/maps/WCmE76HKcLideQQw7,https://flagcdn.com/w320/ye.png,['UTC+03:00'],"[15.37, 44.19]",https://mainfacts.com/media/images/coats_of_arms/ye.png
Saint Barthélemy,Collectivity of Saint Barthélemy,['Gustavia'],Americas,Caribbean,['.bl'],https://goo.gl/maps/Mc7GqH466S7AAk297,https://flagcdn.com/w320/bl.png,['UTC-04:00'],"[17.88, -62.85]",
Guernsey,Bailiwick of Guernsey,['St. Peter Port'],Europe,Northern Europe,['.gg'],https://goo.gl/maps/6kXnQU5QvEZMD9VB7,https://flagcdn.com/w320/gg.png,['UTC+00:00'],"[49.45, -2.54]",https://mainfacts.com/media/images/coats_of_arms/gg.png
Solomon Islands,Solomon Islands,['Honiara'],Oceania,Melanesia,['.sb'],https://goo.gl/maps/JbPkx86Ywjv8C1n8A,https://flagcdn.com/w320/sb.png,['UTC+11:00'],"[-9.43, 159.95]",https://mainfacts.com/media/images/coats_of_arms/sb.png
Svalbard and Jan Mayen,Svalbard og Jan Mayen,['Longyearbyen'],Europe,Northern Europe,['.sj'],https://goo.gl/maps/L2wyyn3cQ16PzQ5J8,https://flagcdn.com/w320/sj.png,['UTC+01:00'],"[78.22, 15.63]",
Faroe Islands,Faroe Islands,['Tórshavn'],Europe,Northern Europe,['.fo'],https://goo.gl/maps/6sTru4SmHdEVcNkM6,https://flagcdn.com/w320/fo.png,['UTC+00:00'],"[62.01, -6.77]",https://mainfacts.com/media/images/coats_of_arms/fo.png
Uzbekistan,Republic of Uzbekistan,['Tashkent'],Asia,Central Asia,['.uz'],https://goo.gl/maps/AJpo6MjMx23qSWCz8,https://flagcdn.com/w320/uz.png,['UTC+05:00'],"[41.32, 69.25]",https://mainfacts.com/media/images/coats_of_arms/uz.png
Egypt,Arab Republic of Egypt,['Cairo'],Africa,Northern Africa,"['.eg', '.مصر']",https://goo.gl/maps/uoDRhXbsqjG6L7VG7,https://flagcdn.com/w320/eg.png,['UTC+02:00'],"[30.05, 31.25]",https://mainfacts.com/media/images/coats_of_arms/eg.png
Senegal,Republic of Senegal,['Dakar'],Africa,Western Africa,['.sn'],https://goo.gl/maps/o5f1uD5nyihCL3HCA,https://flagcdn.com/w320/sn.png,['UTC'],"[14.73, -17.63]",https://mainfacts.com/media/images/coats_of_arms/sn.png
Sri Lanka,Democratic Socialist Republic of Sri Lanka,['Sri Jayawardenepura Kotte'],Asia,Southern Asia,"['.lk', '.இலங்கை', '.ලංකා']",https://goo.gl/maps/VkPHoeFSfgzRQCDv8,https://flagcdn.com/w320/lk.png,['UTC+05:30'],"[6.89, 79.9]",https://mainfacts.com/media/images/coats_of_arms/lk.png
Palestine,State of Palestine,"['Ramallah', 'Jerusalem']",Asia,Western Asia,"['.ps', 'فلسطين.']",https://goo.gl/maps/QvTbkRdmdWEoYAmt5,https://flagcdn.com/w320/ps.png,['UTC+02:00'],"[31.9, 35.2]",https://mainfacts.com/media/images/coats_of_arms/ps.png
Bangladesh,People's Republic of Bangladesh,['Dhaka'],Asia,Southern Asia,['.bd'],https://goo.gl/maps/op6gmLbHcvv6rLhH6,https://flagcdn.com/w320/bd.png,['UTC+06:00'],"[23.72, 90.4]",https://mainfacts.com/media/images/coats_of_arms/bd.png
Peru,Republic of Peru,['Lima'],Americas,South America,['.pe'],https://goo.gl/maps/uDWEUaXNcZTng1fP6,https://flagcdn.com/w320/pe.png,['UTC-05:00'],"[-12.05, -77.05]",https://mainfacts.com/media/images/coats_of_arms/pe.png
Singapore,Republic of Singapore,['Singapore'],Asia,South-Eastern Asia,"['.sg', '.新加坡', '.சிங்கப்பூர்']",https://goo.gl/maps/QbQt9Y9b5KFzsahV6,https://flagcdn.com/w320/sg.png,['UTC+08:00'],"[1.28, 103.85]",https://mainfacts.com/media/images/coats_of_arms/sg.png
Turkey,Republic of Turkey,['Ankara'],Asia,Western Asia,['.tr'],https://goo.gl/maps/dXFFraiUDfcB6Quk6,https://flagcdn.com/w320/tr.png,['UTC+03:00'],"[39.93, 32.87]",https://mainfacts.com/media/images/coats_of_arms/tr.png
Afghanistan,Islamic Republic of Afghanistan,['Kabul'],Asia,Southern Asia,['.af'],https://goo.gl/maps/BXBGw7yUUFknCfva9,https://upload.wikimedia.org/wikipedia/commons/thumb/5/5c/Flag_of_the_Taliban.svg/320px-Flag_of_the_Taliban.svg.png,['UTC+04:30'],"[34.52, 69.18]",https://mainfacts.com/media/images/coats_of_arms/af.png
Aruba,Aruba,['Oranjestad'],Americas,Caribbean,['.aw'],https://goo.gl/maps/8hopbQqifHAgyZyg8,https://flagcdn.com/w320/aw.png,['UTC-04:00'],"[12.52, -70.03]",https://mainfacts.com/media/images/coats_of_arms/aw.png
Cook Islands,Cook Islands,['Avarua'],Oceania,Polynesia,['.ck'],https://goo.gl/maps/nrGZrvWRGB4WHgDC9,https://flagcdn.com/w320/ck.png,['UTC-10:00'],"[-21.2, -159.77]",https://mainfacts.com/media/images/coats_of_arms/ck.png
United Kingdom,United Kingdom of Great Britain and Northern Ireland,['London'],Europe,Northern Europe,['.uk'],https://goo.gl/maps/FoDtc3UKMkFsXAjHA,https://flagcdn.com/w320/gb.png,"['UTC-08:00', 'UTC-05:00', 'UTC-04:00', 'UTC-03:00', 'UTC-02:00', 'UTC', 'UTC+01:00', 'UTC+02:00', 'UTC+06:00']","[51.5, -0.08]",https://mainfacts.com/media/images/coats_of_arms/gb.png
Zambia,Republic of Zambia,['Lusaka'],Africa,Eastern Africa,['.zm'],https://goo.gl/maps/mweBcqvW8TppZW6q9,https://flagcdn.com/w320/zm.png,['UTC+02:00'],"[-15.42, 28.28]",https://mainfacts.com/media/images/coats_of_arms/zm.png
Finland,Republic of Finland,['Helsinki'],Europe,Northern Europe,['.fi'],https://goo.gl/maps/HjgWDCNKRAYHrkMn8,https://flagcdn.com/w320/fi.png,['UTC+02:00'],"[60.17, 24.93]",https://mainfacts.com/media/images/coats_of_arms/fi.png
Niger,Republic of Niger,['Niamey'],Africa,Western Africa,['.ne'],https://goo.gl/maps/VKNU2TLsZcgxM49c8,https://flagcdn.com/w320/ne.png,['UTC+01:00'],"[13.52, 2.12]",https://mainfacts.com/media/images/coats_of_arms/ne.png
Christmas Island,Territory of Christmas Island,['Flying Fish Cove'],Oceania,Australia and New Zealand,['.cx'],https://goo.gl/maps/ZC17hHsQZpShN5wk9,https://flagcdn.com/w320/cx.png,['UTC+07:00'],"[-10.42, 105.68]",https://mainfacts.com/media/images/coats_of_arms/cx.png
Tokelau,Tokelau,['Fakaofo'],Oceania,Polynesia,['.tk'],https://goo.gl/maps/Ap5qN8qien6pT9UN6,https://flagcdn.com/w320/tk.png,['UTC+13:00'],"[-9.38, -171.22]",
Guinea-Bissau,Republic of Guinea-Bissau,['Bissau'],Africa,Western Africa,['.gw'],https://goo.gl/maps/5Wyaz17miUc1zLc67,https://flagcdn.com/w320/gw.png,['UTC'],"[11.85, -15.58]",https://mainfacts.com/media/images/coats_of_arms/gw.png
Azerbaijan,Republic of Azerbaijan,['Baku'],Asia,Western Asia,['.az'],https://goo.gl/maps/az3Zz7ar2aoB9AUc6,https://flagcdn.com/w320/az.png,['UTC+04:00'],"[40.38, 49.87]",https://mainfacts.com/media/images/coats_of_arms/az.png
Réunion,Réunion Island,['Saint-Denis'],Africa,Eastern Africa,['.re'],https://goo.gl/maps/wWpBrXsp8UHVbah29,https://flagcdn.com/w320/re.png,['UTC+04:00'],"[-20.88, 55.45]",
Djibouti,Republic of Djibouti,['Djibouti'],Africa,Eastern Africa,['.dj'],https://goo.gl/maps/V1HWfzN3bS1kwf4C6,https://flagcdn.com/w320/dj.png,['UTC+03:00'],"[11.58, 43.15]",https://mainfacts.com/media/images/coats_of_arms/dj.png
North Korea,Democratic People's Republic of Korea,['Pyongyang'],Asia,Eastern Asia,['.kp'],https://goo.gl/maps/9q5T2DMeH5JL7Tky6,https://flagcdn.com/w320/kp.png,['UTC+09:00'],"[39.02, 125.75]",https://mainfacts.com/media/images/coats_of_arms/kp.png
Mauritius,Republic of Mauritius,['Port Louis'],Africa,Eastern Africa,['.mu'],https://goo.gl/maps/PpKtZ4W3tir5iGrz7,https://flagcdn.com/w320/mu.png,['UTC+04:00'],"[-20.15, 57.48]",https://mainfacts.com/media/images/coats_of_arms/mu.png
Montserrat,Montserrat,['Plymouth'],Americas,Caribbean,['.ms'],https://goo.gl/maps/CSbe7UmxPmiwQB7GA,https://flagcdn.com/w320/ms.png,['UTC-04:00'],"[16.7, -62.22]",https://mainfacts.com/media/images/coats_of_arms/ms.png
United States Virgin Islands,Virgin Islands of the United States,['Charlotte Amalie'],Americas,Caribbean,['.vi'],https://goo.gl/maps/mBfreywj8dor6q4m9,https://flagcdn.com/w320/vi.png,['UTC-04:00'],"[18.35, -64.93]",
Colombia,Republic of Colombia,['Bogotá'],Americas,South America,['.co'],https://goo.gl/maps/zix9qNFX69E9yZ2M6,https://flagcdn.com/w320/co.png,['UTC-05:00'],"[4.71, -74.07]",https://mainfacts.com/media/images/coats_of_arms/co.png
Greece,Hellenic Republic,['Athens'],Europe,Southern Europe,['.gr'],https://goo.gl/maps/LHGcAvuRyD2iKECC6,https://flagcdn.com/w320/gr.png,['UTC+02:00'],"[37.98, 23.73]",https://mainfacts.com/media/images/coats_of_arms/gr.png
Croatia,Republic of Croatia,['Zagreb'],Europe,Southeast Europe,['.hr'],https://goo.gl/maps/qSG6xTKUmrYpwmGQ6,https://flagcdn.com/w320/hr.png,['UTC+01:00'],"[45.8, 16.0]",https://mainfacts.com/media/images/coats_of_arms/hr.png
Morocco,Kingdom of Morocco,['Rabat'],Africa,Northern Africa,"['.ma', 'المغرب.']",https://goo.gl/maps/6oMv3dyBZg3iaXQ5A,https://flagcdn.com/w320/ma.png,['UTC'],"[34.02, -6.82]",https://mainfacts.com/media/images/coats_of_arms/ma.png
Algeria,People's Democratic Republic of Algeria,['Algiers'],Africa,Northern Africa,"['.dz', 'الجزائر.']",https://goo.gl/maps/RsAyAfyaiNVb8DpW8,https://flagcdn.com/w320/dz.png,['UTC+01:00'],"[36.75, 3.05]",https://mainfacts.com/media/images/coats_of_arms/dz.png
Antarctica,Antarctica,,Antarctic,,['.aq'],https://goo.gl/maps/kyBuJriu4itiXank7,https://flagcdn.com/w320/aq.png,"['UTC-03:00', 'UTC+03:00', 'UTC+05:00', 'UTC+06:00', 'UTC+07:00', 'UTC+08:00', 'UTC+10:00', 'UTC+12:00']",,https://mainfacts.com/media/images/coats_of_arms/aq.png
Netherlands,Kingdom of the Netherlands,['Amsterdam'],Europe,Western Europe,['.nl'],https://goo.gl/maps/Hv6zQswGhFxoVVBm6,https://flagcdn.com/w320/nl.png,['UTC+01:00'],"[52.35, 4.92]",https://mainfacts.com/media/images/coats_of_arms/nl.png
Sudan,Republic of the Sudan,['Khartoum'],Africa,Northern Africa,['.sd'],https://goo.gl/maps/bNW7YUJCaqR8zcXn7,https://flagcdn.com/w320/sd.png,['UTC+03:00'],"[15.6, 32.53]",https://mainfacts.com/media/images/coats_of_arms/sd.png
Fiji,Republic of Fiji,['Suva'],Oceania,Melanesia,['.fj'],https://goo.gl/maps/r9fhDqoLZdg1zmE99,https://flagcdn.com/w320/fj.png,['UTC+12:00'],"[-18.13, 178.42]",https://mainfacts.com/media/images/coats_of_arms/fj.png
Liechtenstein,Principality of Liechtenstein,['Vaduz'],Europe,Western Europe,['.li'],https://goo.gl/maps/KNuHeiJzAPodwM7y6,https://flagcdn.com/w320/li.png,['UTC+01:00'],"[47.13, 9.52]",https://mainfacts.com/media/images/coats_of_arms/li.png
Nepal,Federal Democratic Republic of Nepal,['Kathmandu'],Asia,Southern Asia,['.np'],https://goo.gl/maps/UMj2zpbQp7B5c3yT7,https://flagcdn.com/w320/np.png,['UTC+05:45'],"[27.72, 85.32]",https://mainfacts.com/media/images/coats_of_arms/np.png
Puerto Rico,Commonwealth of Puerto Rico,['San Juan'],Americas,Caribbean,['.pr'],https://goo.gl/maps/sygfDbtwn389wu8x5,https://flagcdn.com/w320/pr.png,['UTC-04:00'],"[18.47, -66.12]",
Georgia,Georgia,['Tbilisi'],Asia,Western Asia,['.ge'],https://goo.gl/maps/bvCaGBePR1ZEDK5cA,https://flagcdn.com/w320/ge.png,['UTC+04:00'],"[41.68, 44.83]",https://mainfacts.com/media/images/coats_of_arms/ge.png
Pakistan,Islamic Republic of Pakistan,['Islamabad'],Asia,Southern Asia,['.pk'],https://goo.gl/maps/5LYujdfR5yLUXoERA,https://flagcdn.com/w320/pk.png,['UTC+05:00'],"[33.68, 73.05]",https://mainfacts.com/media/images/coats_of_arms/pk.png
Monaco,Principality of Monaco,['Monaco'],Europe,Western Europe,['.mc'],https://goo.gl/maps/DGpndDot28bYdXYn7,https://flagcdn.com/w320/mc.png,['UTC+01:00'],"[43.73, 7.42]",https://mainfacts.com/media/images/coats_of_arms/mc.png
Botswana,Republic of Botswana,['Gaborone'],Africa,Southern Africa,['.bw'],https://goo.gl/maps/E364KeLy6N4JwxwQ8,https://flagcdn.com/w320/bw.png,['UTC+02:00'],"[-24.63, 25.9]",https://mainfacts.com/media/images/coats_of_arms/bw.png
Lebanon,Lebanese Republic,['Beirut'],Asia,Western Asia,['.lb'],https://goo.gl/maps/Sz5VCU8UFBqMyTdc9,https://flagcdn.com/w320/lb.png,['UTC+02:00'],"[33.87, 35.5]",https://mainfacts.com/media/images/coats_of_arms/lb.png
Papua New Guinea,Independent State of Papua New Guinea,['Port Moresby'],Oceania,Melanesia,['.pg'],https://goo.gl/maps/ChGmzZBjZ3vnBwR2A,https://flagcdn.com/w320/pg.png,['UTC+10:00'],"[-9.45, 147.18]",https://mainfacts.com/media/images/coats_of_arms/pg.png
Mayotte,Department of Mayotte,['Mamoudzou'],Africa,Eastern Africa,['.yt'],https://goo.gl/maps/1e7MXmfBwQv3TQGF7,https://flagcdn.com/w320/yt.png,['UTC+03:00'],"[-12.78, 45.22]",
Dominican Republic,Dominican Republic,['Santo Domingo'],Americas,Caribbean,['.do'],https://goo.gl/maps/soxooTHxEeiAbn3UA,https://flagcdn.com/w320/do.png,['UTC-04:00'],"[18.47, -69.9]",https://mainfacts.com/media/images/coats_of_arms/do.png
Norfolk Island,Territory of Norfolk Island,['Kingston'],Oceania,Australia and New Zealand,['.nf'],https://goo.gl/maps/pbvtm6XYd1iZbjky5,https://flagcdn.com/w320/nf.png,['UTC+11:30'],"[-29.05, 167.97]",
Bouvet Island,Bouvet Island,,Antarctic,,['.bv'],https://goo.gl/maps/7WRQAEKZb4uK36yi9,https://flagcdn.com/w320/bv.png,['UTC+01:00'],,
Qatar,State of Qatar,['Doha'],Asia,Western Asia,"['.qa', 'قطر.']",https://goo.gl/maps/ZV76Y49z7LLUZ2KQ6,https://flagcdn.com/w320/qa.png,['UTC+03:00'],"[25.28, 51.53]",https://mainfacts.com/media/images/coats_of_arms/qa.png
Madagascar,Republic of Madagascar,['Antananarivo'],Africa,Eastern Africa,['.mg'],https://goo.gl/maps/AHQh2ABBaFW6Ngj26,https://flagcdn.com/w320/mg.png,['UTC+03:00'],"[-18.92, 47.52]",https://mainfacts.com/media/images/coats_of_arms/mg.png
India,Republic of India,['New Delhi'],Asia,Southern Asia,['.in'],https://goo.gl/maps/WSk3fLwG4vtPQetp7,https://flagcdn.com/w320/in.png,['UTC+05:30'],"[28.6, 77.2]",https://mainfacts.com/media/images/coats_of_arms/in.png
Syria,Syrian Arab Republic,['Damascus'],Asia,Western Asia,"['.sy', 'سوريا.']",https://goo.gl/maps/Xe3VnFbwdb4nv2SM9,https://flagcdn.com/w320/sy.png,['UTC+02:00'],"[33.5, 36.3]",https://mainfacts.com/media/images/coats_of_arms/sy.png
Montenegro,Montenegro,['Podgorica'],Europe,Southeast Europe,['.me'],https://goo.gl/maps/4THX1fM7WqANuPbB8,https://flagcdn.com/w320/me.png,['UTC+01:00'],"[42.43, 19.27]",https://mainfacts.com/media/images/coats_of_arms/me.png
Eswatini,Kingdom of Eswatini,['Mbabane'],Africa,Southern Africa,['.sz'],https://goo.gl/maps/cUY79eqQihFSE8hV6,https://flagcdn.com/w320/sz.png,['UTC+02:00'],"[-26.32, 31.13]",
Paraguay,Republic of Paraguay,['Asunción'],Americas,South America,['.py'],https://goo.gl/maps/JtnqG73WJn1Gx6mz6,https://flagcdn.com/w320/py.png,['UTC-04:00'],"[-25.28, -57.57]",https://mainfacts.com/media/images/coats_of_arms/py.png
El Salvador,Republic of El Salvador,['San Salvador'],Americas,Central America,['.sv'],https://goo.gl/maps/cZnCEi5sEMQtKKcB7,https://flagcdn.com/w320/sv.png,['UTC-06:00'],"[13.7, -89.2]",https://mainfacts.com/media/images/coats_of_arms/sv.png
Ukraine,Ukraine,['Kyiv'],Europe,Eastern Europe,"['.ua', '.укр']",https://goo.gl/maps/DvgJMiPJ7aozKFZv7,https://flagcdn.com/w320/ua.png,['UTC+02:00'],"[50.43, 30.52]",https://mainfacts.com/media/images/coats_of_arms/ua.png
Isle of Man,Isle of Man,['Douglas'],Europe,Northern Europe,['.im'],https://goo.gl/maps/4DqVHDgVaFgnh8ZV8,https://flagcdn.com/w320/im.png,['UTC+00:00'],"[54.15, -4.48]",https://mainfacts.com/media/images/coats_of_arms/im.png
Namibia,Republic of Namibia,['Windhoek'],Africa,Southern Africa,['.na'],https://goo.gl/maps/oR1i8BFEYX3EY83WA,https://flagcdn.com/w320/na.png,['UTC+01:00'],"[-22.57, 17.08]",https://mainfacts.com/media/images/coats_of_arms/na.png
United Arab Emirates,United Arab Emirates,['Abu Dhabi'],Asia,Western Asia,"['.ae', 'امارات.']",https://goo.gl/maps/AZZTDA6GzVAnKMVd8,https://flagcdn.com/w320/ae.png,['UTC+04:00'],"[24.47, 54.37]",https://mainfacts.com/media/images/coats_of_arms/ae.png
Bulgaria,Republic of Bulgaria,['Sofia'],Europe,Southeast Europe,['.bg'],https://goo.gl/maps/F5uAhDGWzc3BrHfm9,https://flagcdn.com/w320/bg.png,['UTC+02:00'],"[42.68, 23.32]",https://mainfacts.com/media/images/coats_of_arms/bg.png
Greenland,Greenland,['Nuuk'],Americas,North America,['.gl'],https://goo.gl/maps/j3289UPEQXt1ceSy8,https://flagcdn.com/w320/gl.png,"['UTC-04:00', 'UTC-03:00', 'UTC-01:00', 'UTC+00:00']","[64.18, -51.75]",https://mainfacts.com/media/images/coats_of_arms/gl.png
Germany,Federal Republic of Germany,['Berlin'],Europe,Western Europe,['.de'],https://goo.gl/maps/mD9FBMq1nvXUBrkv6,https://flagcdn.com/w320/de.png,['UTC+01:00'],"[52.52, 13.4]",https://mainfacts.com/media/images/coats_of_arms/de.png
Cambodia,Kingdom of Cambodia,['Phnom Penh'],Asia,South-Eastern Asia,['.kh'],https://goo.gl/maps/nztQtFSrUXZymJaW8,https://flagcdn.com/w320/kh.png,['UTC+07:00'],"[11.55, 104.92]",https://mainfacts.com/media/images/coats_of_arms/kh.png
Iraq,Republic of Iraq,['Baghdad'],Asia,Western Asia,['.iq'],https://goo.gl/maps/iL8Bmy1sUCW9fUk18,https://flagcdn.com/w320/iq.png,['UTC+03:00'],"[33.33, 44.4]",https://mainfacts.com/media/images/coats_of_arms/iq.png
French Southern and Antarctic Lands,Territory of the French Southern and Antarctic Lands,['Port-aux-Français'],Antarctic,,['.tf'],https://goo.gl/maps/6ua6CX1m4w1xF2Em7,https://flagcdn.com/w320/tf.png,['UTC+05:00'],"[48.81, -1.4]",https://mainfacts.com/media/images/coats_of_arms/tf.png
Sweden,Kingdom of Sweden,['Stockholm'],Europe,Northern Europe,['.se'],https://goo.gl/maps/iqygE491ADVgnBW39,https://flagcdn.com/w320/se.png,['UTC+01:00'],"[59.33, 18.05]",https://mainfacts.com/media/images/coats_of_arms/se.png
Cuba,Republic of Cuba,['Havana'],Americas,Caribbean,['.cu'],https://goo.gl/maps/1dDw1QfZspfMUTm99,https://flagcdn.com/w320/cu.png,['UTC-05:00'],"[23.12, -82.35]",https://mainfacts.com/media/images/coats_of_arms/cu.png
Kyrgyzstan,Kyrgyz Republic,['Bishkek'],Asia,Central Asia,['.kg'],https://goo.gl/maps/SKG8BSMMQVvxkRkB7,https://flagcdn.com/w320/kg.png,['UTC+06:00'],"[42.87, 74.6]",https://mainfacts.com/media/images/coats_of_arms/kg.png
Russia,Russian Federation,['Moscow'],Europe,Eastern Europe,"['.ru', '.su', '.рф']",https://goo.gl/maps/4F4PpDhGJgVvLby57,https://flagcdn.com/w320/ru.png,"['UTC+03:00', 'UTC+04:00', 'UTC+06:00', 'UTC+07:00', 'UTC+08:00', 'UTC+09:00', 'UTC+10:00', 'UTC+11:00', 'UTC+12:00']","[55.75, 37.6]",https://mainfacts.com/media/images/coats_of_arms/ru.png
Malaysia,Malaysia,['Kuala Lumpur'],Asia,South-Eastern Asia,['.my'],https://goo.gl/maps/qrY1PNeUXGyXDcPy6,https://flagcdn.com/w320/my.png,['UTC+08:00'],"[3.17, 101.7]",https://mainfacts.com/media/images/coats_of_arms/my.png
São Tomé and Príncipe,Democratic Republic of São Tomé and Príncipe,['São Tomé'],Africa,Middle Africa,['.st'],https://goo.gl/maps/9EUppm13RtPX9oF46,https://flagcdn.com/w320/st.png,['UTC'],"[0.34, 6.73]",https://mainfacts.com/media/images/coats_of_arms/st.png
Cyprus,Republic of Cyprus,['Nicosia'],Europe,Southern Europe,['.cy'],https://goo.gl/maps/77hPBRdLid8yD5Bm7,https://flagcdn.com/w320/cy.png,['UTC+02:00'],"[35.17, 33.37]",https://mainfacts.com/media/images/coats_of_arms/cy.png
Canada,Canada,['Ottawa'],Americas,North America,['.ca'],https://goo.gl/maps/jmEVLugreeqiZXxbA,https://flagcdn.com/w320/ca.png,"['UTC-08:00', 'UTC-07:00', 'UTC-06:00', 'UTC-05:00', 'UTC-04:00', 'UTC-03:30']","[45.42, -75.7]",https://mainfacts.com/media/images/coats_of_arms/ca.png
Malawi,Republic of Malawi,['Lilongwe'],Africa,Eastern Africa,['.mw'],https://goo.gl/maps/mc6z83pW9m98X2Ef6,https://flagcdn.com/w320/mw.png,['UTC+02:00'],"[-13.97, 33.78]",https://mainfacts.com/media/images/coats_of_arms/mw.png
Saudi Arabia,Kingdom of Saudi Arabia,['Riyadh'],Asia,Western Asia,"['.sa', '.السعودية']",https://goo.gl/maps/5PSjvdJ1AyaLFRrG9,https://flagcdn.com/w320/sa.png,['UTC+03:00'],"[24.65, 46.7]",https://mainfacts.com/media/images/coats_of_arms/sa.png
Bosnia and Herzegovina,Bosnia and Herzegovina,['Sarajevo'],Europe,Southeast Europe,['.ba'],https://www.google.com/maps/place/Bosnia+and+Herzegovina,https://flagcdn.com/w320/ba.png,['UTC+01:00'],"[43.87, 18.42]",https://mainfacts.com/media/images/coats_of_arms/ba.png
Ethiopia,Federal Democratic Republic of Ethiopia,['Addis Ababa'],Africa,Eastern Africa,['.et'],https://goo.gl/maps/2Q4hQWCbhuZLj3fG6,https://flagcdn.com/w320/et.png,['UTC+03:00'],"[9.03, 38.7]",https://mainfacts.com/media/images/coats_of_arms/et.png
Spain,Kingdom of Spain,['Madrid'],Europe,Southern Europe,['.es'],https://goo.gl/maps/138JaXW8EZzRVitY9,https://flagcdn.com/w320/es.png,"['UTC', 'UTC+01:00']","[40.4, -3.68]",https://mainfacts.com/media/images/coats_of_arms/es.png
Slovenia,Republic of Slovenia,['Ljubljana'],Europe,Central Europe,['.si'],https://goo.gl/maps/7zgFmswcCJh5L5D49,https://flagcdn.com/w320/si.png,['UTC+01:00'],"[46.05, 14.52]",https://mainfacts.com/media/images/coats_of_arms/si.png
Oman,Sultanate of Oman,['Muscat'],Asia,Western Asia,['.om'],https://goo.gl/maps/L2BoXoAwDDwWecnw5,https://flagcdn.com/w320/om.png,['UTC+04:00'],"[23.62, 58.58]",https://mainfacts.com/media/images/coats_of_arms/om.png
Saint Pierre and Miquelon,Saint Pierre and Miquelon,['Saint-Pierre'],Americas,North America,['.pm'],https://goo.gl/maps/bUM8Yc8pA8ghyhmt6,https://flagcdn.com/w320/pm.png,['UTC-03:00'],"[46.77, -56.18]",
Macau,Macao Special Administrative Region of the People's Republic of China,,Asia,Eastern Asia,['.mo'],https://goo.gl/maps/whymRdk3dZFfAAs4A,https://flagcdn.com/w320/mo.png,['UTC+08:00'],,https://mainfacts.com/media/images/coats_of_arms/mo.png
San Marino,Republic of San Marino,['City of San Marino'],Europe,Southern Europe,['.sm'],https://goo.gl/maps/rxCVJjm8dVY93RPY8,https://flagcdn.com/w320/sm.png,['UTC+01:00'],"[43.94, 12.45]",https://mainfacts.com/media/images/coats_of_arms/sm.png
Lesotho,Kingdom of Lesotho,['Maseru'],Africa,Southern Africa,['.ls'],https://goo.gl/maps/H8gJi5mL4Cmd1SF28,https://flagcdn.com/w320/ls.png,['UTC+02:00'],"[-29.32, 27.48]",https://mainfacts.com/media/images/coats_of_arms/ls.png
Marshall Islands,Republic of the Marshall Islands,['Majuro'],Oceania,Micronesia,['.mh'],https://goo.gl/maps/A4xLi1XvcX88gi3W8,https://flagcdn.com/w320/mh.png,['UTC+12:00'],"[7.1, 171.38]",https://mainfacts.com/media/images/coats_of_arms/mh.png
Sint Maarten,Sint Maarten,['Philipsburg'],Americas,Caribbean,['.sx'],https://goo.gl/maps/DjvcESy1a1oGEZuNA,https://flagcdn.com/w320/sx.png,['UTC-04:00'],"[18.02, -63.03]",
Iceland,Iceland,['Reykjavik'],Europe,Northern Europe,['.is'],https://goo.gl/maps/WxFWSQuc3oamNxoE6,https://flagcdn.com/w320/is.png,['UTC'],"[64.15, -21.95]",https://mainfacts.com/media/images/coats_of_arms/is.png
Luxembourg,Grand Duchy of Luxembourg,['Luxembourg'],Europe,Western Europe,['.lu'],https://goo.gl/maps/L6b2AgndgHprt2Ko9,https://flagcdn.com/w320/lu.png,['UTC+01:00'],"[49.6, 6.12]",https://mainfacts.com/media/images/coats_of_arms/lu.png
Argentina,Argentine Republic,['Buenos Aires'],Americas,South America,['.ar'],https://goo.gl/maps/Z9DXNxhf2o93kvyc6,https://flagcdn.com/w320/ar.png,['UTC-03:00'],"[-34.58, -58.67]",https://mainfacts.com/media/images/coats_of_arms/ar.png
Turks and Caicos Islands,Turks and Caicos Islands,['Cockburn Town'],Americas,Caribbean,['.tc'],https://goo.gl/maps/R8VUDQfwZiFtvmyn8,https://flagcdn.com/w320/tc.png,['UTC-04:00'],"[21.46, -71.14]",
Nauru,Republic of Nauru,['Yaren'],Oceania,Micronesia,['.nr'],https://goo.gl/maps/kyAGw6XEJgjSMsTK7,https://flagcdn.com/w320/nr.png,['UTC+12:00'],"[-0.55, 166.92]",https://mainfacts.com/media/images/coats_of_arms/nr.png
Cocos (Keeling) Islands,Territory of the Cocos (Keeling) Islands,['West Island'],Oceania,Australia and New Zealand,['.cc'],https://goo.gl/maps/3eCdKVpVfMcZyKcK6,https://flagcdn.com/w320/cc.png,['UTC+06:30'],"[-12.17, 96.83]",
Western Sahara,Sahrawi Arab Democratic Republic,['El Aaiún'],Africa,Northern Africa,['.eh'],https://goo.gl/maps/7nU3mB69vP6zQp7A8,https://flagcdn.com/w320/eh.png,['UTC+00:00'],"[-13.28, 27.14]",
Dominica,Commonwealth of Dominica,['Roseau'],Americas,Caribbean,['.dm'],https://goo.gl/maps/HSKdHYpFC8oHHuyV7,https://flagcdn.com/w320/dm.png,['UTC-04:00'],"[15.3, -61.4]",https://mainfacts.com/media/images/coats_of_arms/dm.png
Costa Rica,Republic of Costa Rica,['San José'],Americas,Central America,['.cr'],https://goo.gl/maps/RFiwytjvNrpfKN7k6,https://flagcdn.com/w320/cr.png,['UTC-06:00'],"[9.93, -84.09]",https://mainfacts.com/media/images/coats_of_arms/cr.png
Australia,Commonwealth of Australia,['Canberra'],Oceania,Australia and New Zealand,['.au'],https://goo.gl/maps/DcjaDa7UbhnZTndH6,https://flagcdn.com/w320/au.png,"['UTC+05:00', 'UTC+06:30', 'UTC+07:00', 'UTC+08:00', 'UTC+09:30', 'UTC+10:00', 'UTC+10:30', 'UTC+11:30']","[-35.27, 149.13]",https://mainfacts.com/media/images/coats_of_arms/au.png
Thailand,Kingdom of Thailand,['Bangkok'],Asia,South-Eastern Asia,"['.th', '.ไทย']",https://goo.gl/maps/qeU6uqsfW4nCCwzw9,https://flagcdn.com/w320/th.png,['UTC+07:00'],"[13.75, 100.52]",https://mainfacts.com/media/images/coats_of_arms/th.png
Haiti,Republic of Haiti,['Port-au-Prince'],Americas,Caribbean,['.ht'],https://goo.gl/maps/9o13xtjuUdqFnHbn9,https://flagcdn.com/w320/ht.png,['UTC-05:00'],"[18.53, -72.33]",https://mainfacts.com/media/images/coats_of_arms/ht.png
Tuvalu,Tuvalu,['Funafuti'],Oceania,Polynesia,['.tv'],https://goo.gl/maps/LbuUxtkgm1dfN1Pn6,https://flagcdn.com/w320/tv.png,['UTC+12:00'],"[-8.52, 179.22]",https://mainfacts.com/media/images/coats_of_arms/tv.png
Honduras,Republic of Honduras,['Tegucigalpa'],Americas,Central America,['.hn'],https://goo.gl/maps/BbeJK8Sk2VkMHbdF8,https://flagcdn.com/w320/hn.png,['UTC-06:00'],"[14.1, -87.22]",https://mainfacts.com/media/images/coats_of_arms/hn.png
Equatorial Guinea,Republic of Equatorial Guinea,['Malabo'],Africa,Middle Africa,['.gq'],https://goo.gl/maps/ucWfFd8aW1FbGMva9,https://flagcdn.com/w320/gq.png,['UTC+01:00'],"[3.75, 8.78]",https://mainfacts.com/media/images/coats_of_arms/gq.png
Saint Lucia,Saint Lucia,['Castries'],Americas,Caribbean,['.lc'],https://goo.gl/maps/4HhJ2jkPdSL9BPRcA,https://flagcdn.com/w320/lc.png,['UTC-04:00'],"[14.0, -61.0]",https://mainfacts.com/media/images/coats_of_arms/lc.png
French Polynesia,French Polynesia,['Papeetē'],Oceania,Polynesia,['.pf'],https://goo.gl/maps/xgg6BQTRyeQg4e1m6,https://flagcdn.com/w320/pf.png,"['UTC-10:00', 'UTC-09:30', 'UTC-09:00']","[-17.53, -149.56]",https://mainfacts.com/media/images/coats_of_arms/pf.png
Belarus,Republic of Belarus,['Minsk'],Europe,Eastern Europe,['.by'],https://goo.gl/maps/PJUDU3EBPSszCQcu6,https://flagcdn.com/w320/by.png,['UTC+03:00'],"[53.9, 27.57]",https://mainfacts.com/media/images/coats_of_arms/by.png
Latvia,Republic of Latvia,['Riga'],Europe,Northern Europe,['.lv'],https://goo.gl/maps/iQpUkH7ghq31ZtXe9,https://flagcdn.com/w320/lv.png,['UTC+02:00'],"[56.95, 24.1]",https://mainfacts.com/media/images/coats_of_arms/lv.png
Palau,Republic of Palau,['Ngerulmud'],Oceania,Micronesia,['.pw'],https://goo.gl/maps/MVasQBbUkQP7qQDR9,https://flagcdn.com/w320/pw.png,['UTC+09:00'],"[7.5, 134.62]",https://mainfacts.com/media/images/coats_of_arms/pw.png
Guadeloupe,Guadeloupe,['Basse-Terre'],Americas,Caribbean,['.gp'],https://goo.gl/maps/Dy9R2EufJtoWm8UN9,https://flagcdn.com/w320/gp.png,['UTC-04:00'],"[16.03, -61.73]",https://mainfacts.com/media/images/coats_of_arms/gp.png
Philippines,Republic of the Philippines,['Manila'],Asia,South-Eastern Asia,['.ph'],https://goo.gl/maps/k8T2fb5VMUfsWFX6A,https://flagcdn.com/w320/ph.png,['UTC+08:00'],"[14.6, 120.97]",https://mainfacts.com/media/images/coats_of_arms/ph.png
Gibraltar,Gibraltar,['Gibraltar'],Europe,Southern Europe,['.gi'],https://goo.gl/maps/CEoHAs1t6byCBhHFA,https://flagcdn.com/w320/gi.png,['UTC+01:00'],"[36.13, -5.35]",https://mainfacts.com/media/images/coats_of_arms/gi.png
Denmark,Kingdom of Denmark,['Copenhagen'],Europe,Northern Europe,['.dk'],https://goo.gl/maps/UddGPN7hAyrtpFiT6,https://flagcdn.com/w320/dk.png,"['UTC-04:00', 'UTC-03:00', 'UTC-01:00', 'UTC', 'UTC+01:00']","[55.67, 12.58]",https://mainfacts.com/media/images/coats_of_arms/dk.png
Cameroon,Republic of Cameroon,['Yaoundé'],Africa,Middle Africa,['.cm'],https://goo.gl/maps/JqiipHgFboG3rBJh9,https://flagcdn.com/w320/cm.png,['UTC+01:00'],"[3.85, 11.5]",https://mainfacts.com/media/images/coats_of_arms/cm.png
Guinea,Republic of Guinea,['Conakry'],Africa,Western Africa,['.gn'],https://goo.gl/maps/8J5oM5sA4Ayr1ZYGA,https://flagcdn.com/w320/gn.png,['UTC'],"[9.5, -13.7]",https://mainfacts.com/media/images/coats_of_arms/gn.png
Bahrain,Kingdom of Bahrain,['Manama'],Asia,Western Asia,['.bh'],https://goo.gl/maps/5Zue99Zc6vFBHxzJ7,https://flagcdn.com/w320/bh.png,['UTC+03:00'],"[26.23, 50.57]",https://mainfacts.com/media/images/coats_of_arms/bh.png
Suriname,Republic of Suriname,['Paramaribo'],Americas,South America,['.sr'],https://goo.gl/maps/iy7TuQLSi4qgoBoG7,https://flagcdn.com/w320/sr.png,['UTC-03:00'],"[5.83, -55.17]",https://mainfacts.com/media/images/coats_of_arms/sr.png
DR Congo,Democratic Republic of the Congo,['Kinshasa'],Africa,Middle Africa,['.cd'],https://goo.gl/maps/KfhNVn6VqdZXWu8n9,https://flagcdn.com/w320/cd.png,"['UTC+01:00', 'UTC+02:00']","[-4.32, 15.3]",https://mainfacts.com/media/images/coats_of_arms/cd.png
Somalia,Federal Republic of Somalia,['Mogadishu'],Africa,Eastern Africa,['.so'],https://goo.gl/maps/8of8q7D1a8p7R6Fc9,https://flagcdn.com/w320/so.png,['UTC+03:00'],"[2.07, 45.33]",https://mainfacts.com/media/images/coats_of_arms/so.png
Czechia,Czech Republic,['Prague'],Europe,Central Europe,['.cz'],https://goo.gl/maps/47dmgeXMZyhDHyQW8,https://flagcdn.com/w320/cz.png,['UTC+01:00'],"[50.08, 14.47]",https://mainfacts.com/media/images/coats_of_arms/cz.png
New Caledonia,New Caledonia,['Nouméa'],Oceania,Melanesia,['.nc'],https://goo.gl/maps/cBhtCeMdob4U7FRU9,https://flagcdn.com/w320/nc.png,['UTC+11:00'],"[-22.27, 166.45]",https://mainfacts.com/media/images/coats_of_arms/nc.png
Vanuatu,Republic of Vanuatu,['Port Vila'],Oceania,Melanesia,['.vu'],https://goo.gl/maps/hwAjehcT7VfvP5zJ8,https://flagcdn.com/w320/vu.png,['UTC+11:00'],"[-17.73, 168.32]",https://mainfacts.com/media/images/coats_of_arms/vu.png
"Saint Helena, Ascension and Tristan da Cunha","Saint Helena, Ascension and Tristan da Cunha",['Jamestown'],Africa,Western Africa,"['.sh', '.ac']",https://goo.gl/maps/iv4VxnPzHkjLCJuc6,https://flagcdn.com/w320/sh.png,['UTC+00:00'],"[-15.93, -5.72]",
Togo,Togolese Republic,['Lomé'],Africa,Western Africa,['.tg'],https://goo.gl/maps/jzAa9feXuXPrKVb89,https://flagcdn.com/w320/tg.png,['UTC'],"[6.14, 1.21]",https://mainfacts.com/media/images/coats_of_arms/tg.png
British Virgin Islands,Virgin Islands,['Road Town'],Americas,Caribbean,['.vg'],https://goo.gl/maps/49C9cSesNVAR9DQk8,https://flagcdn.com/w320/vg.png,['UTC-04:00'],"[18.42, -64.62]",https://mainfacts.com/media/images/coats_of_arms/vg.png
Kenya,Republic of Kenya,['Nairobi'],Africa,Eastern Africa,['.ke'],https://goo.gl/maps/Ni9M7wcCxf8bJHLX8,https://flagcdn.com/w320/ke.png,['UTC+03:00'],"[-1.28, 36.82]",https://mainfacts.com/media/images/coats_of_arms/ke.png
Niue,Niue,['Alofi'],Oceania,Polynesia,['.nu'],https://goo.gl/maps/xFgdzs3E55Rk1y8P9,https://flagcdn.com/w320/nu.png,['UTC-11:00'],"[-19.02, -169.92]",
Heard Island and McDonald Islands,Heard Island and McDonald Islands,,Antarctic,,"['.hm', '.aq']",https://goo.gl/maps/k5FBAiVaVyozuYeA7,https://flagcdn.com/w320/hm.png,['UTC+05:00'],,
Rwanda,Republic of Rwanda,['Kigali'],Africa,Eastern Africa,['.rw'],https://goo.gl/maps/j5xb5r7CLqjYbyP86,https://flagcdn.com/w320/rw.png,['UTC+02:00'],"[-1.95, 30.05]",https://mainfacts.com/media/images/coats_of_arms/rw.png
Estonia,Republic of Estonia,['Tallinn'],Europe,Northern Europe,['.ee'],https://goo.gl/maps/6SsynwGUodL1sDvq8,https://flagcdn.com/w320/ee.png,['UTC+02:00'],"[59.43, 24.72]",https://mainfacts.com/media/images/coats_of_arms/ee.png
Romania,Romania,['Bucharest'],Europe,Southeast Europe,['.ro'],https://goo.gl/maps/845hAgCf1mDkN3vr7,https://flagcdn.com/w320/ro.png,['UTC+02:00'],"[44.43, 26.1]",https://mainfacts.com/media/images/coats_of_arms/ro.png
Trinidad and Tobago,Republic of Trinidad and Tobago,['Port of Spain'],Americas,Caribbean,['.tt'],https://goo.gl/maps/NrRfDEWoG8FGZqWY7,https://flagcdn.com/w320/tt.png,['UTC-04:00'],"[10.65, -61.52]",https://mainfacts.com/media/images/coats_of_arms/tt.png
Guyana,Co-operative Republic of Guyana,['Georgetown'],Americas,South America,['.gy'],https://goo.gl/maps/DFsme2xEeugUAsCx5,https://flagcdn.com/w320/gy.png,['UTC-04:00'],"[6.8, -58.15]",https://mainfacts.com/media/images/coats_of_arms/gy.png
Timor-Leste,Democratic Republic of Timor-Leste,['Dili'],Asia,South-Eastern Asia,['.tl'],https://goo.gl/maps/sFqBC9zjgUXPR1iTA,https://flagcdn.com/w320/tl.png,['UTC+09:00'],"[-8.58, 125.6]",
Vietnam,Socialist Republic of Vietnam,['Hanoi'],Asia,South-Eastern Asia,['.vn'],https://goo.gl/maps/PCpVt9WzdJ9A9nEZ9,https://flagcdn.com/w320/vn.png,['UTC+07:00'],"[21.03, 105.85]",https://mainfacts.com/media/images/coats_of_arms/vn.png
Uruguay,Oriental Republic of Uruguay,['Montevideo'],Americas,South America,['.uy'],https://goo.gl/maps/tiQ9Baekb1jQtDSD9,https://flagcdn.com/w320/uy.png,['UTC-03:00'],"[-34.85, -56.17]",https://mainfacts.com/media/images/coats_of_arms/uy.png
Vatican City,Vatican City State,['Vatican City'],Europe,Southern Europe,['.va'],https://goo.gl/maps/DTKvw5Bd1QZaDZmE8,https://flagcdn.com/w320/va.png,['UTC+01:00'],"[41.9, 12.45]",https://mainfacts.com/media/images/coats_of_arms/va.png
Hong Kong,Hong Kong Special Administrative Region of the People's Republic of China,['City of Victoria'],Asia,Eastern Asia,"['.hk', '.香港']",https://goo.gl/maps/1sEnNmT47ffrC8MU8,https://flagcdn.com/w320/hk.png,['UTC+08:00'],"[22.267, 114.188]",https://mainfacts.com/media/images/coats_of_arms/hk.png
Austria,Republic of Austria,['Vienna'],Europe,Central Europe,['.at'],https://goo.gl/maps/pCWpWQhznHyRzQcu9,https://flagcdn.com/w320/at.png,['UTC+01:00'],"[48.2, 16.37]",https://mainfacts.com/media/images/coats_of_arms/at.png
Antigua and Barbuda,Antigua and Barbuda,"[""Saint John's""]",Americas,Caribbean,['.ag'],https://goo.gl/maps/fnye4wGJ1RzC9jpX9,https://flagcdn.com/w320/ag.png,['UTC-04:00'],"[17.12, -61.85]",https://mainfacts.com/media/images/coats_of_arms/ag.png
Turkmenistan,Turkmenistan,['Ashgabat'],Asia,Central Asia,['.tm'],https://goo.gl/maps/cgfUcaQHSWKuqeKk9,https://flagcdn.com/w320/tm.png,['UTC+05:00'],"[37.95, 58.38]",https://mainfacts.com/media/images/coats_of_arms/tm.png
Mozambique,Republic of Mozambique,['Maputo'],Africa,Eastern Africa,['.mz'],https://goo.gl/maps/xCLcY9fzU6x4Pueu5,https://flagcdn.com/w320/mz.png,['UTC+02:00'],"[-25.95, 32.58]",https://mainfacts.com/media/images/coats_of_arms/mz.png
Panama,Republic of Panama,['Panama City'],Americas,Central America,['.pa'],https://goo.gl/maps/sEN7sKqeawa5oPNLA,https://flagcdn.com/w320/pa.png,['UTC-05:00'],"[8.97, -79.53]",https://mainfacts.com/media/images/coats_of_arms/pa.png
Micronesia,Federated States of Micronesia,['Palikir'],Oceania,Micronesia,['.fm'],https://goo.gl/maps/LLcnofC5LxZsJXTo8,https://flagcdn.com/w320/fm.png,"['UTC+10:00', 'UTC+11:00']","[6.92, 158.15]",https://mainfacts.com/media/images/coats_of_arms/fm.png
Ireland,Republic of Ireland,['Dublin'],Europe,Northern Europe,['.ie'],https://goo.gl/maps/hxd1BKxgpchStzQC6,https://flagcdn.com/w320/ie.png,['UTC'],"[53.32, -6.23]",https://mainfacts.com/media/images/coats_of_arms/ie.png
Curaçao,Country of Curaçao,['Willemstad'],Americas,Caribbean,['.cw'],https://goo.gl/maps/9D3hTeA3qKaRT7S16,https://flagcdn.com/w320/cw.png,['UTC-04:00'],"[12.1, -68.92]",https://mainfacts.com/media/images/coats_of_arms/cw.png
French Guiana,Guiana,['Cayenne'],Americas,South America,['.gf'],https://goo.gl/maps/NJawFwMzG7YtCrVP7,https://flagcdn.com/w320/gf.png,['UTC-03:00'],"[4.94, -52.33]",https://mainfacts.com/media/images/coats_of_arms/gf.png
Norway,Kingdom of Norway,['Oslo'],Europe,Northern Europe,['.no'],https://goo.gl/maps/htWRrphA7vNgQNdSA,https://flagcdn.com/w320/no.png,['UTC+01:00'],"[59.92, 10.75]",https://mainfacts.com/media/images/coats_of_arms/no.png
Åland Islands,Åland Islands,['Mariehamn'],Europe,Northern Europe,['.ax'],https://goo.gl/maps/ewFb3vYsfUmVCoSb8,https://flagcdn.com/w320/ax.png,['UTC+02:00'],"[60.12, 19.9]",https://mainfacts.com/media/images/coats_of_arms/ax.png
Central African Republic,Central African Republic,['Bangui'],Africa,Middle Africa,['.cf'],https://goo.gl/maps/51V8dsi2rGYC9n3c9,https://flagcdn.com/w320/cf.png,['UTC+01:00'],"[4.37, 18.58]",https://mainfacts.com/media/images/coats_of_arms/cf.png
Burkina Faso,Burkina Faso,['Ouagadougou'],Africa,Western Africa,['.bf'],https://goo.gl/maps/rKRmpcMbFher2ozb7,https://flagcdn.com/w320/bf.png,['UTC'],"[12.37, -1.52]",https://mainfacts.com/media/images/coats_of_arms/bf.png
Eritrea,State of Eritrea,['Asmara'],Africa,Eastern Africa,['.er'],https://goo.gl/maps/HRyqUpnPwwG6jY5j6,https://flagcdn.com/w320/er.png,['UTC+03:00'],"[15.33, 38.93]",https://mainfacts.com/media/images/coats_of_arms/er.png
Tanzania,United Republic of Tanzania,['Dodoma'],Africa,Eastern Africa,['.tz'],https://goo.gl/maps/NWYMqZYXte4zGZ2Q8,https://flagcdn.com/w320/tz.png,['UTC+03:00'],"[-6.16, 35.75]",https://mainfacts.com/media/images/coats_of_arms/tz.png
South Korea,Republic of Korea,['Seoul'],Asia,Eastern Asia,"['.kr', '.한국']",https://goo.gl/maps/7ecjaJXefjAQhxjGA,https://flagcdn.com/w320/kr.png,['UTC+09:00'],"[37.55, 126.98]",https://mainfacts.com/media/images/coats_of_arms/kr.png
Jordan,Hashemite Kingdom of Jordan,['Amman'],Asia,Western Asia,"['.jo', 'الاردن.']",https://goo.gl/maps/ko1dzSDKg8Gsi9A98,https://flagcdn.com/w320/jo.png,['UTC+03:00'],"[31.95, 35.93]",https://mainfacts.com/media/images/coats_of_arms/jo.png
Mauritania,Islamic Republic of Mauritania,['Nouakchott'],Africa,Western Africa,['.mr'],https://goo.gl/maps/im2MmQ5jFjzxWBks5,https://flagcdn.com/w320/mr.png,['UTC'],"[18.07, -15.97]",https://mainfacts.com/media/images/coats_of_arms/mr.png
Lithuania,Republic of Lithuania,['Vilnius'],Europe,Northern Europe,['.lt'],https://goo.gl/maps/dd1s9rrLjrK2G8yY6,https://flagcdn.com/w320/lt.png,['UTC+02:00'],"[54.68, 25.32]",https://mainfacts.com/media/images/coats_of_arms/lt.png
United States Minor Outlying Islands,United States Minor Outlying Islands,['Washington DC'],Americas,North America,['.us'],https://goo.gl/maps/hZKnrzgeK69dDyPF8,https://flagcdn.com/w320/um.png,"['UTC-11:00', 'UTC-10:00', 'UTC+12:00']",,
Slovakia,Slovak Republic,['Bratislava'],Europe,Central Europe,['.sk'],https://goo.gl/maps/uNSH2wW4bLoZVYJj7,https://flagcdn.com/w320/sk.png,['UTC+01:00'],"[48.15, 17.12]",https://mainfacts.com/media/images/coats_of_arms/sk.png
Angola,Republic of Angola,['Luanda'],Africa,Middle Africa,['.ao'],https://goo.gl/maps/q42Qbf1BmQL3fuZg9,https://flagcdn.com/w320/ao.png,['UTC+01:00'],"[-8.83, 13.22]",https://mainfacts.com/media/images/coats_of_arms/ao.png
Kazakhstan,Republic of Kazakhstan,['Nur-Sultan'],Asia,Central Asia,"['.kz', '.қаз']",https://goo.gl/maps/8VohJGu7ShuzZYyeA,https://flagcdn.com/w320/kz.png,"['UTC+05:00', 'UTC+06:00']","[51.16, 71.45]",https://mainfacts.com/media/images/coats_of_arms/kz.png
Moldova,Republic of Moldova,['Chișinău'],Europe,Eastern Europe,['.md'],https://goo.gl/maps/JjmyUuULujnDeFPf7,https://flagcdn.com/w320/md.png,['UTC+02:00'],"[47.01, 28.9]",https://mainfacts.com/media/images/coats_of_arms/md.png
Mali,Republic of Mali,['Bamako'],Africa,Western Africa,['.ml'],https://goo.gl/maps/u9mYJkCB19wyuzh27,https://flagcdn.com/w320/ml.png,['UTC'],"[12.65, -8.0]",https://mainfacts.com/media/images/coats_of_arms/ml.png
Falkland Islands,Falkland Islands,['Stanley'],Americas,South America,['.fk'],https://goo.gl/maps/TZH1x7AGanQKifNk7,https://flagcdn.com/w320/fk.png,['UTC-04:00'],"[-51.7, -57.85]",https://mainfacts.com/media/images/coats_of_arms/fk.png
Armenia,Republic of Armenia,['Yerevan'],Asia,Western Asia,['.am'],https://goo.gl/maps/azWUtK9bUQYEyccbA,https://flagcdn.com/w320/am.png,['UTC+04:00'],"[40.17, 44.5]",https://mainfacts.com/media/images/coats_of_arms/am.png
Samoa,Independent State of Samoa,['Apia'],Oceania,Polynesia,['.ws'],https://goo.gl/maps/CFC9fEFP9cfkYUBF9,https://flagcdn.com/w320/ws.png,['UTC+13:00'],"[-13.82, -171.77]",https://mainfacts.com/media/images/coats_of_arms/ws.png
Jersey,Bailiwick of Jersey,['Saint Helier'],Europe,Northern Europe,['.je'],https://goo.gl/maps/rXG8GZZtsqK92kTCA,https://flagcdn.com/w320/je.png,['UTC+01:00'],"[49.18, -2.1]",https://mainfacts.com/media/images/coats_of_arms/je.png
Japan,Japan,['Tokyo'],Asia,Eastern Asia,"['.jp', '.みんな']",https://goo.gl/maps/NGTLSCSrA8bMrvnX9,https://flagcdn.com/w320/jp.png,['UTC+09:00'],"[35.68, 139.75]",https://mainfacts.com/media/images/coats_of_arms/jp.png
Bolivia,Plurinational State of Bolivia,['Sucre'],Americas,South America,['.bo'],https://goo.gl/maps/9DfnyfbxNM2g5U9b9,https://flagcdn.com/w320/bo.png,['UTC-04:00'],"[-19.02, -65.26]",https://mainfacts.com/media/images/coats_of_arms/bo.png
Chile,Republic of Chile,['Santiago'],Americas,South America,['.cl'],https://goo.gl/maps/XboxyNHh2fAjCPNn9,https://flagcdn.com/w320/cl.png,"['UTC-06:00', 'UTC-04:00']","[-33.45, -70.67]",https://mainfacts.com/media/images/coats_of_arms/cl.png
United States,United States of America,"['Washington, D.C.']",Americas,North America,['.us'],https://goo.gl/maps/e8M246zY4BSjkjAv6,https://flagcdn.com/w320/us.png,"['UTC-12:00', 'UTC-11:00', 'UTC-10:00', 'UTC-09:00', 'UTC-08:00', 'UTC-07:00', 'UTC-06:00', 'UTC-05:00', 'UTC-04:00', 'UTC+10:00', 'UTC+12:00']","[38.89, -77.05]",https://mainfacts.com/media/images/coats_of_arms/us.png
Saint Vincent and the Grenadines,Saint Vincent and the Grenadines,['Kingstown'],Americas,Caribbean,['.vc'],https://goo.gl/maps/wMbnMqjG37FMnrwf7,https://flagcdn.com/w320/vc.png,['UTC-04:00'],"[13.13, -61.22]",https://mainfacts.com/media/images/coats_of_arms/vc.png
Bermuda,Bermuda,['Hamilton'],Americas,North America,['.bm'],https://goo.gl/maps/NLsRGNjTzDghTtAJA,https://flagcdn.com/w320/bm.png,['UTC-04:00'],"[32.28, -64.78]",https://mainfacts.com/media/images/coats_of_arms/bm.png
Seychelles,Republic of Seychelles,['Victoria'],Africa,Eastern Africa,['.sc'],https://goo.gl/maps/aqCcy2TKh5TV5MAX8,https://flagcdn.com/w320/sc.png,['UTC+04:00'],"[-4.62, 55.45]",https://mainfacts.com/media/images/coats_of_arms/sc.png
British Indian Ocean Territory,British Indian Ocean Territory,['Diego Garcia'],Africa,Eastern Africa,['.io'],https://goo.gl/maps/bheNucgekVEYozoi6,https://flagcdn.com/w320/io.png,['UTC+06:00'],"[-7.3, 72.4]",
Guatemala,Republic of Guatemala,['Guatemala City'],Americas,Central America,['.gt'],https://goo.gl/maps/JoRAbem4Hxb9FYbVA,https://flagcdn.com/w320/gt.png,['UTC-06:00'],"[14.62, -90.52]",https://mainfacts.com/media/images/coats_of_arms/gt.png
Ecuador,Republic of Ecuador,['Quito'],Americas,South America,['.ec'],https://goo.gl/maps/TbX8hUW4gcbRPZiK7,https://flagcdn.com/w320/ec.png,"['UTC-06:00', 'UTC-05:00']","[-0.22, -78.5]",https://mainfacts.com/media/images/coats_of_arms/ec.png
Martinique,Martinique,['Fort-de-France'],Americas,Caribbean,['.mq'],https://goo.gl/maps/87ER7sDAFU7JjcvR6,https://flagcdn.com/w320/mq.png,['UTC-04:00'],"[14.6, -61.08]",https://mainfacts.com/media/images/coats_of_arms/mq.png
Tajikistan,Republic of Tajikistan,['Dushanbe'],Asia,Central Asia,['.tj'],https://goo.gl/maps/8rQgW88jEXijhVb58,https://flagcdn.com/w320/tj.png,['UTC+05:00'],"[38.55, 68.77]",https://mainfacts.com/media/images/coats_of_arms/tj.png
Malta,Republic of Malta,['Valletta'],Europe,Southern Europe,['.mt'],https://goo.gl/maps/skXCqguxDxxEKVk47,https://flagcdn.com/w320/mt.png,['UTC+01:00'],"[35.88, 14.5]",https://mainfacts.com/media/images/coats_of_arms/mt.png
Gambia,Republic of the Gambia,['Banjul'],Africa,Western Africa,['.gm'],https://goo.gl/maps/bbGBCxxtfD2A9Z4m6,https://flagcdn.com/w320/gm.png,['UTC+00:00'],"[13.45, -16.57]",https://mainfacts.com/media/images/coats_of_arms/gm.png
Nigeria,Federal Republic of Nigeria,['Abuja'],Africa,Western Africa,['.ng'],https://goo.gl/maps/LTn417qWwBPFszuV9,https://flagcdn.com/w320/ng.png,['UTC+01:00'],"[9.08, 7.53]",https://mainfacts.com/media/images/coats_of_arms/ng.png
Bahamas,Commonwealth of the Bahamas,['Nassau'],Americas,Caribbean,['.bs'],https://goo.gl/maps/1YzRs1BZrG8p8pmVA,https://flagcdn.com/w320/bs.png,['UTC-05:00'],"[25.08, -77.35]",https://mainfacts.com/media/images/coats_of_arms/bs.png
Kosovo,Republic of Kosovo,['Pristina'],Europe,Southeast Europe,,https://goo.gl/maps/CSC4Yc8SWPgburuD9,https://flagcdn.com/w320/xk.png,['UTC+01:00'],"[42.67, 21.17]",https://mainfacts.com/media/images/coats_of_arms/xk.png
Kuwait,State of Kuwait,['Kuwait City'],Asia,Western Asia,['.kw'],https://goo.gl/maps/aqr3aNQjS1BAvksJ7,https://flagcdn.com/w320/kw.png,['UTC+03:00'],"[29.37, 47.97]",https://mainfacts.com/media/images/coats_of_arms/kw.png
Maldives,Republic of the Maldives,['Malé'],Asia,Southern Asia,['.mv'],https://goo.gl/maps/MNAWGq9vEdbZ9vUV7,https://flagcdn.com/w320/mv.png,['UTC+05:00'],"[4.17, 73.51]",https://mainfacts.com/media/images/coats_of_arms/mv.png
South Sudan,Republic of South Sudan,['Juba'],Africa,Middle Africa,['.ss'],https://goo.gl/maps/Zm1AYCXb9HSNF1P27,https://flagcdn.com/w320/ss.png,['UTC+03:00'],"[4.85, 31.62]",https://mainfacts.com/media/images/coats_of_arms/ss.png
Iran,Islamic Republic of Iran,['Tehran'],Asia,Southern Asia,"['.ir', 'ایران.']",https://goo.gl/maps/dMgEGuacBPGYQnjY7,https://flagcdn.com/w320/ir.png,['UTC+03:30'],"[35.7, 51.42]",https://mainfacts.com/media/images/coats_of_arms/ir.png
Albania,Republic of Albania,['Tirana'],Europe,Southeast Europe,['.al'],https://goo.gl/maps/BzN9cTuj68ZA8SyZ8,https://flagcdn.com/w320/al.png,['UTC+01:00'],"[41.32, 19.82]",https://mainfacts.com/media/images/coats_of_arms/al.png
Brazil,Federative Republic of Brazil,['Brasília'],Americas,South America,['.br'],https://goo.gl/maps/waCKk21HeeqFzkNC9,https://flagcdn.com/w320/br.png,"['UTC-05:00', 'UTC-04:00', 'UTC-03:00', 'UTC-02:00']","[-15.79, -47.88]",https://mainfacts.com/media/images/coats_of_arms/br.png
Serbia,Republic of Serbia,['Belgrade'],Europe,Southeast Europe,"['.rs', '.срб']",https://goo.gl/maps/2Aqof7aV2Naq8YEK8,https://flagcdn.com/w320/rs.png,['UTC+01:00'],"[44.83, 20.5]",https://mainfacts.com/media/images/coats_of_arms/rs.png
Belize,Belize,['Belmopan'],Americas,Central America,['.bz'],https://goo.gl/maps/jdCccpdLodm1uTmo9,https://flagcdn.com/w320/bz.png,['UTC-06:00'],"[17.25, -88.77]",https://mainfacts.com/media/images/coats_of_arms/bz.png
Myanmar,Republic of the Union of Myanmar,['Naypyidaw'],Asia,South-Eastern Asia,['.mm'],https://goo.gl/maps/4jrZyJkDERUfHyp26,https://flagcdn.com/w320/mm.png,['UTC+06:30'],"[19.76, 96.07]",https://mainfacts.com/media/images/coats_of_arms/mm.png
Bhutan,Kingdom of Bhutan,['Thimphu'],Asia,Southern Asia,['.bt'],https://goo.gl/maps/VEfXXBftTFLUpNgp8,https://flagcdn.com/w320/bt.png,['UTC+06:00'],"[27.47, 89.63]",https://mainfacts.com/media/images/coats_of_arms/bt.png
Venezuela,Bolivarian Republic of Venezuela,['Caracas'],Americas,South America,['.ve'],https://goo.gl/maps/KLCwDN8sec7z2kse9,https://flagcdn.com/w320/ve.png,['UTC-04:00'],"[10.48, -66.87]",https://mainfacts.com/media/images/coats_of_arms/ve.png
Liberia,Republic of Liberia,['Monrovia'],Africa,Western Africa,['.lr'],https://goo.gl/maps/4VsHsc2oeGeRL3wg6,https://flagcdn.com/w320/lr.png,['UTC'],"[6.3, -10.8]",https://mainfacts.com/media/images/coats_of_arms/lr.png
Jamaica,Jamaica,['Kingston'],Americas,Caribbean,['.jm'],https://goo.gl/maps/Z8mQ6jxnRQKFwJy9A,https://flagcdn.com/w320/jm.png,['UTC-05:00'],"[17.99702, -76.79358]",https://mainfacts.com/media/images/coats_of_arms/jm.png
Poland,Republic of Poland,['Warsaw'],Europe,Central Europe,['.pl'],https://goo.gl/maps/gY9Xw4Sf4415P4949,https://flagcdn.com/w320/pl.png,['UTC+01:00'],"[52.25, 21.0]",https://mainfacts.com/media/images/coats_of_arms/pl.png
Cayman Islands,Cayman Islands,['George Town'],Americas,Caribbean,['.ky'],https://goo.gl/maps/P3ZVXX3LH63t91hL8,https://flagcdn.com/w320/ky.png,['UTC-05:00'],"[19.3, -81.38]",https://mainfacts.com/media/images/coats_of_arms/ky.png
Brunei,"Nation of Brunei, Abode of Peace",['Bandar Seri Begawan'],Asia,South-Eastern Asia,['.bn'],https://goo.gl/maps/4jb4CqBXhr8vNh579,https://flagcdn.com/w320/bn.png,['UTC+08:00'],"[4.88, 114.93]",https://mainfacts.com/media/images/coats_of_arms/bn.png
Comoros,Union of the Comoros,['Moroni'],Africa,Eastern Africa,['.km'],https://goo.gl/maps/eas4GP28C1GyStnu6,https://flagcdn.com/w320/km.png,['UTC+03:00'],"[-11.7, 43.23]",https://mainfacts.com/media/images/coats_of_arms/km.png
Guam,Guam,['Hagåtña'],Oceania,Micronesia,['.gu'],https://goo.gl/maps/Xfnq2i279b18cH3C9,https://flagcdn.com/w320/gu.png,['UTC+10:00'],"[13.48, 144.75]",https://mainfacts.com/media/images/coats_of_arms/gu.png
Tonga,Kingdom of Tonga,"[""Nuku'alofa""]",Oceania,Polynesia,['.to'],https://goo.gl/maps/p5YALBY2QdEzswRo7,https://flagcdn.com/w320/to.png,['UTC+13:00'],"[-21.13, -175.2]",https://mainfacts.com/media/images/coats_of_arms/to.png
Kiribati,Independent and Sovereign Republic of Kiribati,['South Tarawa'],Oceania,Micronesia,['.ki'],https://goo.gl/maps/NBfYvrndW4skAimw9,https://flagcdn.com/w320/ki.png,"['UTC+12:00', 'UTC+13:00', 'UTC+14:00']","[1.33, 172.98]",https://mainfacts.com/media/images/coats_of_arms/ki.png
Ghana,Republic of Ghana,['Accra'],Africa,Western Africa,['.gh'],https://goo.gl/maps/Avy5RSmdsXFBaiXq8,https://flagcdn.com/w320/gh.png,['UTC'],"[5.55, -0.22]",https://mainfacts.com/media/images/coats_of_arms/gh.png
Chad,Republic of Chad,"[""N'Djamena""]",Africa,Middle Africa,['.td'],https://goo.gl/maps/ziUdAZ8skuNfx5Hx7,https://flagcdn.com/w320/td.png,['UTC+01:00'],"[12.1, 15.03]",https://mainfacts.com/media/images/coats_of_arms/td.png
Zimbabwe,Republic of Zimbabwe,['Harare'],Africa,Southern Africa,['.zw'],https://goo.gl/maps/M26BqdwQctqxXS65A,https://flagcdn.com/w320/zw.png,['UTC+02:00'],"[-17.82, 31.03]",https://mainfacts.com/media/images/coats_of_arms/zw.png
Saint Martin,Saint Martin,['Marigot'],Americas,Caribbean,"['.fr', '.gp']",https://goo.gl/maps/P9ho9QuJ9EAR28JEA,https://flagcdn.com/w320/mf.png,['UTC-04:00'],"[18.07, -63.08]",
Mongolia,Mongolia,['Ulan Bator'],Asia,Eastern Asia,['.mn'],https://goo.gl/maps/A1X7bMCKThBDNjzH6,https://flagcdn.com/w320/mn.png,"['UTC+07:00', 'UTC+08:00']","[47.92, 106.91]",https://mainfacts.com/media/images/coats_of_arms/mn.png
Portugal,Portuguese Republic,['Lisbon'],Europe,Southern Europe,['.pt'],https://goo.gl/maps/BaTBSyc4GWMmbAKB8,https://flagcdn.com/w320/pt.png,"['UTC-01:00', 'UTC']","[38.72, -9.13]",https://mainfacts.com/media/images/coats_of_arms/pt.png
American Samoa,American Samoa,['Pago Pago'],Oceania,Polynesia,['.as'],https://goo.gl/maps/Re9ePMjwP1sFCBFA6,https://flagcdn.com/w320/as.png,['UTC-11:00'],"[-14.27, -170.7]",
Republic of the Congo,Republic of the Congo,['Brazzaville'],Africa,Middle Africa,['.cg'],https://goo.gl/maps/Phf5dDDKdfCtuBTb6,https://flagcdn.com/w320/cg.png,['UTC+01:00'],"[-4.25, 15.28]",
Belgium,Kingdom of Belgium,['Brussels'],Europe,Western Europe,['.be'],https://goo.gl/maps/UQQzat85TCtPRXAL8,https://flagcdn.com/w320/be.png,['UTC+01:00'],"[50.83, 4.33]",https://mainfacts.com/media/images/coats_of_arms/be.png
Israel,State of Israel,['Jerusalem'],Asia,Western Asia,['.il'],https://goo.gl/maps/6UY1AH8XeafVwdC97,https://flagcdn.com/w320/il.png,['UTC+02:00'],"[31.77, 35.23]",https://mainfacts.com/media/images/coats_of_arms/il.png
New Zealand,New Zealand,['Wellington'],Oceania,Australia and New Zealand,['.nz'],https://goo.gl/maps/xXiDQo65dwdpw9iu8,https://flagcdn.com/w320/nz.png,"['UTC-11:00', 'UTC-10:00', 'UTC+12:00', 'UTC+12:45', 'UTC+13:00']","[-41.3, 174.78]",https://mainfacts.com/media/images/coats_of_arms/nz.png
Nicaragua,Republic of Nicaragua,['Managua'],Americas,Central America,['.ni'],https://goo.gl/maps/P77LaEVkKJKXneRC6,https://flagcdn.com/w320/ni.png,['UTC-06:00'],"[12.13, -86.25]",https://mainfacts.com/media/images/coats_of_arms/ni.png
Anguilla,Anguilla,['The Valley'],Americas,Caribbean,['.ai'],https://goo.gl/maps/3KgLnEyN7amdno2p9,https://flagcdn.com/w320/ai.png,['UTC-04:00'],"[18.22, -63.05]",https://mainfacts.com/media/images/coats_of_arms/ai.png
